id,title,selftext,permalink,score
1qrw7id,Gym Story Saturday,,https://www.reddit.com/r/Fitness/comments/1qrw7id/gym_story_saturday/,50
1rald31,Gym Story Saturday,,https://www.reddit.com/r/Fitness/comments/1rald31/gym_story_saturday/,49
1qy7tp6,Gym Story Saturday,,https://www.reddit.com/r/Fitness/comments/1qy7tp6/gym_story_saturday/,48
1r4f4za,Gym Story Saturday,,https://www.reddit.com/r/Fitness/comments/1r4f4za/gym_story_saturday/,47
1r7z037,"Rant Wednesday - February 18, 2026",,https://www.reddit.com/r/Fitness/comments/1r7z037/rant_wednesday_february_18_2026/,46
1r1tdu6,"Rant Wednesday - February 11, 2026",,https://www.reddit.com/r/Fitness/comments/1r1tdu6/rant_wednesday_february_11_2026/,45
1re97my,"Rant Wednesday - February 25, 2026",,https://www.reddit.com/r/Fitness/comments/1re97my/rant_wednesday_february_25_2026/,44
1qvklbu,"Rant Wednesday - February 04, 2026",,https://www.reddit.com/r/Fitness/comments/1qvklbu/rant_wednesday_february_04_2026/,43
1rbi1q7,Victory Sunday,,https://www.reddit.com/r/Fitness/comments/1rbi1q7/victory_sunday/,42
1r63m2x,Moronic Monday - Your weekly stupid questions thread,,https://www.reddit.com/r/Fitness/comments/1r63m2x/moronic_monday_your_weekly_stupid_questions_thread/,41
1r9rdoc,Physique Phriday,,https://www.reddit.com/r/Fitness/comments/1r9rdoc/physique_phriday/,40
1qsujhk,Monthly Recipes Megathread,,https://www.reddit.com/r/Fitness/comments/1qsujhk/monthly_recipes_megathread/,39
1qxdm9o,Physique Phriday,,https://www.reddit.com/r/Fitness/comments/1qxdm9o/physique_phriday/,38
1qz550y,Victory Sunday,,https://www.reddit.com/r/Fitness/comments/1qz550y/victory_sunday/,37
1rcb6tq,Moronic Monday - Your weekly stupid questions thread,,https://www.reddit.com/r/Fitness/comments/1rcb6tq/moronic_monday_your_weekly_stupid_questions_thread/,36
1qtoyue,Moronic Monday - Your weekly stupid questions thread,,https://www.reddit.com/r/Fitness/comments/1qtoyue/moronic_monday_your_weekly_stupid_questions_thread/,35
1rdc7p3,"Daily Simple Questions Thread - February 24, 2026",,https://www.reddit.com/r/Fitness/comments/1rdc7p3/daily_simple_questions_thread_february_24_2026/,34
1r8vavv,"Daily Simple Questions Thread - February 19, 2026",,https://www.reddit.com/r/Fitness/comments/1r8vavv/daily_simple_questions_thread_february_19_2026/,33
1qzygij,Moronic Monday - Your weekly stupid questions thread,,https://www.reddit.com/r/Fitness/comments/1qzygij/moronic_monday_your_weekly_stupid_questions_thread/,32
1r0wsjk,"Daily Simple Questions Thread - February 10, 2026",,https://www.reddit.com/r/Fitness/comments/1r0wsjk/daily_simple_questions_thread_february_10_2026/,31
1qsujgn,Victory Sunday,,https://www.reddit.com/r/Fitness/comments/1qsujgn/victory_sunday/,30
1qz55et,"Daily Simple Questions Thread - February 08, 2026",,https://www.reddit.com/r/Fitness/comments/1qz55et/daily_simple_questions_thread_february_08_2026/,29
1qr1e5p,"Daily Simple Questions Thread - January 30, 2026",,https://www.reddit.com/r/Fitness/comments/1qr1e5p/daily_simple_questions_thread_january_30_2026/,28
1rg2ogc,"Daily Simple Questions Thread - February 27, 2026",,https://www.reddit.com/r/Fitness/comments/1rg2ogc/daily_simple_questions_thread_february_27_2026/,27
1r721zj,"Daily Simple Questions Thread - February 17, 2026",,https://www.reddit.com/r/Fitness/comments/1r721zj/daily_simple_questions_thread_february_17_2026/,26
1quo0ih,"Daily Simple Questions Thread - February 03, 2026",,https://www.reddit.com/r/Fitness/comments/1quo0ih/daily_simple_questions_thread_february_03_2026/,25
1rg2nx3,Physique Phriday,,https://www.reddit.com/r/Fitness/comments/1rg2nx3/physique_phriday/,24
1r5axym,"Daily Simple Questions Thread - February 15, 2026",,https://www.reddit.com/r/Fitness/comments/1r5axym/daily_simple_questions_thread_february_15_2026/,23
1rf68wa,"Daily Simple Questions Thread - February 26, 2026",,https://www.reddit.com/r/Fitness/comments/1rf68wa/daily_simple_questions_thread_february_26_2026/,22
1r2piw0,"Daily Simple Questions Thread - February 12, 2026",,https://www.reddit.com/r/Fitness/comments/1r2piw0/daily_simple_questions_thread_february_12_2026/,21
1r3lb68,"Daily Simple Questions Thread - February 13, 2026",,https://www.reddit.com/r/Fitness/comments/1r3lb68/daily_simple_questions_thread_february_13_2026/,20
1qwhbfd,"Daily Simple Questions Thread - February 05, 2026",,https://www.reddit.com/r/Fitness/comments/1qwhbfd/daily_simple_questions_thread_february_05_2026/,19
1rbi23t,"Daily Simple Questions Thread - February 22, 2026",,https://www.reddit.com/r/Fitness/comments/1rbi23t/daily_simple_questions_thread_february_22_2026/,18
1r5axlf,Victory Sunday,,https://www.reddit.com/r/Fitness/comments/1r5axlf/victory_sunday/,17
1qr1dl6,Physique Phriday,,https://www.reddit.com/r/Fitness/comments/1qr1dl6/physique_phriday/,16
1ranfql,"Daily Simple Questions Thread - February 21, 2026",,https://www.reddit.com/r/Fitness/comments/1ranfql/daily_simple_questions_thread_february_21_2026/,15
1r3lao7,Physique Phriday,,https://www.reddit.com/r/Fitness/comments/1r3lao7/physique_phriday/,14
1r4gwpj,"Daily Simple Questions Thread - February 14, 2026",,https://www.reddit.com/r/Fitness/comments/1r4gwpj/daily_simple_questions_thread_february_14_2026/,13
1r1tdtu,"Daily Simple Questions Thread - February 11, 2026",,https://www.reddit.com/r/Fitness/comments/1r1tdtu/daily_simple_questions_thread_february_11_2026/,12
1qsukfg,"Daily Simple Questions Thread - February 01, 2026",,https://www.reddit.com/r/Fitness/comments/1qsukfg/daily_simple_questions_thread_february_01_2026/,11
1r5axlc,Monthly Fitness Pro-Tips Megathread,,https://www.reddit.com/r/Fitness/comments/1r5axlc/monthly_fitness_protips_megathread/,10
1r9re7d,"Daily Simple Questions Thread - February 20, 2026",,https://www.reddit.com/r/Fitness/comments/1r9re7d/daily_simple_questions_thread_february_20_2026/,9
1qya0ra,"Daily Simple Questions Thread - February 07, 2026",,https://www.reddit.com/r/Fitness/comments/1qya0ra/daily_simple_questions_thread_february_07_2026/,8
1qvklbk,"Daily Simple Questions Thread - February 04, 2026",,https://www.reddit.com/r/Fitness/comments/1qvklbk/daily_simple_questions_thread_february_04_2026/,7
1qrygnv,"Daily Simple Questions Thread - January 31, 2026",,https://www.reddit.com/r/Fitness/comments/1qrygnv/daily_simple_questions_thread_january_31_2026/,6
1qxdmuh,"Daily Simple Questions Thread - February 06, 2026",,https://www.reddit.com/r/Fitness/comments/1qxdmuh/daily_simple_questions_thread_february_06_2026/,5
1re97mp,"Daily Simple Questions Thread - February 25, 2026",,https://www.reddit.com/r/Fitness/comments/1re97mp/daily_simple_questions_thread_february_25_2026/,4
1r7z030,"Daily Simple Questions Thread - February 18, 2026",,https://www.reddit.com/r/Fitness/comments/1r7z030/daily_simple_questions_thread_february_18_2026/,3
